"chapter_event_id","timestamp","frame_path","detail_crop_path","screen_or_module","visible_change","controls_or_data","possible_functionality","classification","confidence","current_platform_status","platform_evidence","notes"
"CH11-E0001","00:31:40.400","references/video-audit/chapters/CH11_agenda_y_turnos/event_frames/CH11-E0001_00h31m40s400ms_abrupt_change.jpg","","Órdenes · solape inicial","El capítulo inicia todavía dentro del modal Órdenes del capítulo anterior.","Órdenes médicas, Tarjetas de medicamentos, Historial de tratamientos, tabla de documentos","Estado de borde entre capítulos; no se atribuye al módulo principal de este capítulo.","VISIBLE","HIGH","NOT_TESTABLE","Auditoría de evidencia fuente; comparación de plataforma reservada para la matriz consolidada.","Frame individual y recorte indicado abiertos; trazabilidad validada contra manifiestos CSV/JSON y transcripciones TXT/SRT. La observación describe únicamente el estado visible."
"CH11-E0002","00:31:41.400","references/video-audit/chapters/CH11_agenda_y_turnos/event_frames/CH11-E0002_00h31m41s400ms_settled.jpg","references/video-audit/chapters/CH11_agenda_y_turnos/detail_crops/CH11-E0002_00h31m41s400ms_DETAIL.jpg","Órdenes · solape inicial","El capítulo inicia todavía dentro del modal Órdenes del capítulo anterior.","Órdenes médicas, Tarjetas de medicamentos, Historial de tratamientos, tabla de documentos","Estado de borde entre capítulos; no se atribuye al módulo principal de este capítulo.","VISIBLE","HIGH","NOT_TESTABLE","Auditoría de evidencia fuente; comparación de plataforma reservada para la matriz consolidada.","Frame individual y recorte indicado abiertos; trazabilidad validada contra manifiestos CSV/JSON y transcripciones TXT/SRT. La observación describe únicamente el estado visible."
"CH11-E0003","00:31:42.000","references/video-audit/chapters/CH11_agenda_y_turnos/event_frames/CH11-E0003_00h31m42s000ms_abrupt_change.jpg","","Orden Médica · solape inicial","El solape inicial vuelve al listado de Orden Médica antes de navegar a Agenda.","Activos, Inactivos, Tratamientos con cambios, Actualizaciones, tabla de pacientes","Estado de borde entre capítulos; no se atribuye al módulo principal de este capítulo.","VISIBLE","HIGH","NOT_TESTABLE","Auditoría de evidencia fuente; comparación de plataforma reservada para la matriz consolidada.","Frame individual y recorte indicado abiertos; trazabilidad validada contra manifiestos CSV/JSON y transcripciones TXT/SRT. La observación describe únicamente el estado visible."
"CH11-E0004","00:31:42.600","references/video-audit/chapters/CH11_agenda_y_turnos/event_frames/CH11-E0004_00h31m42s600ms_settled.jpg","references/video-audit/chapters/CH11_agenda_y_turnos/detail_crops/CH11-E0004_00h31m42s600ms_DETAIL.jpg","Orden Médica · solape inicial","El solape inicial vuelve al listado de Orden Médica antes de navegar a Agenda.","Activos, Inactivos, Tratamientos con cambios, Actualizaciones, tabla de pacientes","Estado de borde entre capítulos; no se atribuye al módulo principal de este capítulo.","VISIBLE","HIGH","NOT_TESTABLE","Auditoría de evidencia fuente; comparación de plataforma reservada para la matriz consolidada.","Frame individual y recorte indicado abiertos; trazabilidad validada contra manifiestos CSV/JSON y transcripciones TXT/SRT. La observación describe únicamente el estado visible."
"CH11-E0005","00:31:46.000","references/video-audit/chapters/CH11_agenda_y_turnos/event_frames/CH11-E0005_00h31m46s000ms_abrupt_change.jpg","","Agenda · filtros","Se abre Agenda en Detalles de visitas con filtros aún sin aplicar.","Filtrar por, Recurso, Paciente, selector Todo","Estado visual del flujo documentado por el evento.","VISIBLE","HIGH","NOT_TESTABLE","Auditoría de evidencia fuente; comparación de plataforma reservada para la matriz consolidada.","Frame individual y recorte indicado abiertos; trazabilidad validada contra manifiestos CSV/JSON y transcripciones TXT/SRT. La observación describe únicamente el estado visible."
"CH11-E0006","00:31:46.400","references/video-audit/chapters/CH11_agenda_y_turnos/event_frames/CH11-E0006_00h31m46s400ms_abrupt_change.jpg","","Agenda · filtros","El menú lateral clínico se despliega mientras permanece visible el panel de filtros de Agenda.","Hospitalización clínica, Órdenes médicas, Reporte de salud, Órdenes de laboratorio, Plantillas de estudios, Evaluaciones médicas","Estado visual del flujo documentado por el evento.","VISIBLE","HIGH","NOT_TESTABLE","Auditoría de evidencia fuente; comparación de plataforma reservada para la matriz consolidada.","Frame individual y recorte indicado abiertos; trazabilidad validada contra manifiestos CSV/JSON y transcripciones TXT/SRT. La observación describe únicamente el estado visible."
"CH11-E0007","00:31:47.000","references/video-audit/chapters/CH11_agenda_y_turnos/event_frames/CH11-E0007_00h31m47s000ms_stable_change.jpg","references/video-audit/chapters/CH11_agenda_y_turnos/detail_crops/CH11-E0007_00h31m47s000ms_DETAIL.jpg","Agenda · filtros","El menú lateral clínico se despliega mientras permanece visible el panel de filtros de Agenda.","Hospitalización clínica, Órdenes médicas, Reporte de salud, Órdenes de laboratorio, Plantillas de estudios, Evaluaciones médicas","Estado visual del flujo documentado por el evento.","VISIBLE","HIGH","NOT_TESTABLE","Auditoría de evidencia fuente; comparación de plataforma reservada para la matriz consolidada.","Frame individual y recorte indicado abiertos; trazabilidad validada contra manifiestos CSV/JSON y transcripciones TXT/SRT. La observación describe únicamente el estado visible."
"CH11-E0008","00:31:47.400","references/video-audit/chapters/CH11_agenda_y_turnos/event_frames/CH11-E0008_00h31m47s400ms_abrupt_change.jpg","","Agenda · calendario por paciente","Agenda muestra el calendario de junio de 2026 sin paciente seleccionado.","Paciente, Todo, Hoy, Mes, Semana, Lista por semana, Lista por día","Estado visual del flujo documentado por el evento.","VISIBLE","HIGH","NOT_TESTABLE","Auditoría de evidencia fuente; comparación de plataforma reservada para la matriz consolidada.","Frame individual y recorte indicado abiertos; trazabilidad validada contra manifiestos CSV/JSON y transcripciones TXT/SRT. La observación describe únicamente el estado visible."
"CH11-E0009","00:31:49.800","references/video-audit/chapters/CH11_agenda_y_turnos/event_frames/CH11-E0009_00h31m49s800ms_abrupt_change.jpg","","Agenda · calendario por paciente","Agenda muestra el calendario de junio de 2026 sin paciente seleccionado.","Paciente, Todo, Hoy, Mes, Semana, Lista por semana, Lista por día","Estado visual del flujo documentado por el evento.","VISIBLE","HIGH","NOT_TESTABLE","Auditoría de evidencia fuente; comparación de plataforma reservada para la matriz consolidada.","Frame individual y recorte indicado abiertos; trazabilidad validada contra manifiestos CSV/JSON y transcripciones TXT/SRT. La observación describe únicamente el estado visible."
"CH11-E0010","00:31:50.200","references/video-audit/chapters/CH11_agenda_y_turnos/event_frames/CH11-E0010_00h31m50s200ms_abrupt_change.jpg","references/video-audit/chapters/CH11_agenda_y_turnos/detail_crops/CH11-E0010_00h31m50s200ms_DETAIL.jpg","Agenda · calendario por paciente","Agenda muestra el calendario de junio de 2026 sin paciente seleccionado.","Paciente, Todo, Hoy, Mes, Semana, Lista por semana, Lista por día","Estado visual del flujo documentado por el evento.","VISIBLE","HIGH","NOT_TESTABLE","Auditoría de evidencia fuente; comparación de plataforma reservada para la matriz consolidada.","Frame individual y recorte indicado abiertos; trazabilidad validada contra manifiestos CSV/JSON y transcripciones TXT/SRT. La observación describe únicamente el estado visible."
"CH11-E0011","00:31:50.800","references/video-audit/chapters/CH11_agenda_y_turnos/event_frames/CH11-E0011_00h31m50s800ms_abrupt_change.jpg","","Agenda · calendario por paciente","Se despliega el selector de paciente sobre el calendario.","Paciente, catálogo buscable","Estado visual del flujo documentado por el evento.","VISIBLE","HIGH","NOT_TESTABLE","Auditoría de evidencia fuente; comparación de plataforma reservada para la matriz consolidada.","Frame individual y recorte indicado abiertos; trazabilidad validada contra manifiestos CSV/JSON y transcripciones TXT/SRT. La observación describe únicamente el estado visible."
"CH11-E0012","00:31:52.600","references/video-audit/chapters/CH11_agenda_y_turnos/event_frames/CH11-E0012_00h31m52s600ms_abrupt_change.jpg","references/video-audit/chapters/CH11_agenda_y_turnos/detail_crops/CH11-E0012_00h31m52s600ms_DETAIL.jpg","Agenda · calendario por paciente","La búsqueda del selector reduce el catálogo a un paciente.","Campo de búsqueda del paciente, resultado filtrado","Estado visual del flujo documentado por el evento.","VISIBLE","HIGH","NOT_TESTABLE","Auditoría de evidencia fuente; comparación de plataforma reservada para la matriz consolidada.","Frame individual y recorte indicado abiertos; trazabilidad validada contra manifiestos CSV/JSON y transcripciones TXT/SRT. La observación describe únicamente el estado visible."
"CH11-E0013","00:31:54.600","references/video-audit/chapters/CH11_agenda_y_turnos/event_frames/CH11-E0013_00h31m54s600ms_abrupt_change.jpg","references/video-audit/chapters/CH11_agenda_y_turnos/detail_crops/CH11-E0013_00h31m54s600ms_DETAIL.jpg","Agenda · calendario por paciente","Agenda presenta la superposición Procesando después de seleccionar el paciente.","Procesando","Estado visual del flujo documentado por el evento.","VISIBLE","HIGH","NOT_TESTABLE","Auditoría de evidencia fuente; comparación de plataforma reservada para la matriz consolidada.","Frame individual y recorte indicado abiertos; trazabilidad validada contra manifiestos CSV/JSON y transcripciones TXT/SRT. La observación describe únicamente el estado visible."
"CH11-E0014","00:31:55.000","references/video-audit/chapters/CH11_agenda_y_turnos/event_frames/CH11-E0014_00h31m55s000ms_abrupt_change.jpg","","Agenda · calendario por paciente","Agenda presenta la superposición Procesando después de seleccionar el paciente.","Procesando","Estado visual del flujo documentado por el evento.","VISIBLE","HIGH","NOT_TESTABLE","Auditoría de evidencia fuente; comparación de plataforma reservada para la matriz consolidada.","Frame individual y recorte indicado abiertos; trazabilidad validada contra manifiestos CSV/JSON y transcripciones TXT/SRT. La observación describe únicamente el estado visible."
"CH11-E0015","00:31:55.600","references/video-audit/chapters/CH11_agenda_y_turnos/event_frames/CH11-E0015_00h31m55s600ms_stable_change.jpg","","Agenda · calendario por paciente","El calendario filtrado carga múltiples visitas coloreadas del paciente seleccionado.","Eliminar visitas, Crear, Pool, Mes, Semana, Lista por semana, Lista por día, eventos de calendario","Estado visual del flujo documentado por el evento.","VISIBLE","HIGH","NOT_TESTABLE","Auditoría de evidencia fuente; comparación de plataforma reservada para la matriz consolidada.","Frame individual y recorte indicado abiertos; trazabilidad validada contra manifiestos CSV/JSON y transcripciones TXT/SRT. La observación describe únicamente el estado visible."
"CH11-E0016","00:31:56.000","references/video-audit/chapters/CH11_agenda_y_turnos/event_frames/CH11-E0016_00h31m56s000ms_abrupt_change.jpg","","Agenda · calendario por paciente","El calendario filtrado carga múltiples visitas coloreadas del paciente seleccionado.","Eliminar visitas, Crear, Pool, Mes, Semana, Lista por semana, Lista por día, eventos de calendario","Estado visual del flujo documentado por el evento.","VISIBLE","HIGH","NOT_TESTABLE","Auditoría de evidencia fuente; comparación de plataforma reservada para la matriz consolidada.","Frame individual y recorte indicado abiertos; trazabilidad validada contra manifiestos CSV/JSON y transcripciones TXT/SRT. La observación describe únicamente el estado visible."
"CH11-E0017","00:31:57.400","references/video-audit/chapters/CH11_agenda_y_turnos/event_frames/CH11-E0017_00h31m57s400ms_settled.jpg","","Agenda · calendario por paciente","El calendario filtrado carga múltiples visitas coloreadas del paciente seleccionado.","Eliminar visitas, Crear, Pool, Mes, Semana, Lista por semana, Lista por día, eventos de calendario","Estado visual del flujo documentado por el evento.","VISIBLE","HIGH","NOT_TESTABLE","Auditoría de evidencia fuente; comparación de plataforma reservada para la matriz consolidada.","Frame individual y recorte indicado abiertos; trazabilidad validada contra manifiestos CSV/JSON y transcripciones TXT/SRT. La observación describe únicamente el estado visible."
"CH11-E0018","00:32:01.400","references/video-audit/chapters/CH11_agenda_y_turnos/event_frames/CH11-E0018_00h32m01s400ms_abrupt_change.jpg","","Agenda · calendario por paciente","El calendario filtrado carga múltiples visitas coloreadas del paciente seleccionado.","Eliminar visitas, Crear, Pool, Mes, Semana, Lista por semana, Lista por día, eventos de calendario","Estado visual del flujo documentado por el evento.","VISIBLE","HIGH","NOT_TESTABLE","Auditoría de evidencia fuente; comparación de plataforma reservada para la matriz consolidada.","Frame individual y recorte indicado abiertos; trazabilidad validada contra manifiestos CSV/JSON y transcripciones TXT/SRT. La observación describe únicamente el estado visible."
"CH11-E0019","00:32:01.800","references/video-audit/chapters/CH11_agenda_y_turnos/event_frames/CH11-E0019_00h32m01s800ms_abrupt_change.jpg","references/video-audit/chapters/CH11_agenda_y_turnos/detail_crops/CH11-E0019_00h32m01s800ms_DETAIL.jpg","Agenda · calendario por paciente","El calendario filtrado carga múltiples visitas coloreadas del paciente seleccionado.","Eliminar visitas, Crear, Pool, Mes, Semana, Lista por semana, Lista por día, eventos de calendario","Estado visual del flujo documentado por el evento.","VISIBLE","HIGH","NOT_TESTABLE","Auditoría de evidencia fuente; comparación de plataforma reservada para la matriz consolidada.","Frame individual y recorte indicado abiertos; trazabilidad validada contra manifiestos CSV/JSON y transcripciones TXT/SRT. La observación describe únicamente el estado visible."
"CH11-E0020","00:32:02.200","references/video-audit/chapters/CH11_agenda_y_turnos/event_frames/CH11-E0020_00h32m02s200ms_abrupt_change.jpg","","Agenda · calendario por paciente","El calendario filtrado carga múltiples visitas coloreadas del paciente seleccionado.","Eliminar visitas, Crear, Pool, Mes, Semana, Lista por semana, Lista por día, eventos de calendario","Estado visual del flujo documentado por el evento.","VISIBLE","HIGH","NOT_TESTABLE","Auditoría de evidencia fuente; comparación de plataforma reservada para la matriz consolidada.","Frame individual y recorte indicado abiertos; trazabilidad validada contra manifiestos CSV/JSON y transcripciones TXT/SRT. La observación describe únicamente el estado visible."
"CH11-E0021","00:32:03.200","references/video-audit/chapters/CH11_agenda_y_turnos/event_frames/CH11-E0021_00h32m03s200ms_abrupt_change.jpg","","Agenda · calendario por paciente","El calendario queda atenuado al iniciar la creación de una visita.","Crear, calendario mensual","Estado visual del flujo documentado por el evento.","VISIBLE","HIGH","NOT_TESTABLE","Auditoría de evidencia fuente; comparación de plataforma reservada para la matriz consolidada.","Frame individual y recorte indicado abiertos; trazabilidad validada contra manifiestos CSV/JSON y transcripciones TXT/SRT. La observación describe únicamente el estado visible."
"CH11-E0022","00:32:03.600","references/video-audit/chapters/CH11_agenda_y_turnos/event_frames/CH11-E0022_00h32m03s600ms_abrupt_change.jpg","references/video-audit/chapters/CH11_agenda_y_turnos/detail_crops/CH11-E0022_00h32m03s600ms_DETAIL.jpg","Agenda · crear turno","Se abre Crear turno a paciente con los datos básicos y la recurrencia.","Paciente, Cédula, Empresa, Fecha inicio, Fecha fin, Frecuencia, Número de veces, Clasificación, Tipo, Aplicar descuento, Guardar, Cerrar","Captura visual de la configuración de una visita; no se infiere regla tarifaria.","VISIBLE","HIGH","NOT_TESTABLE","Auditoría de evidencia fuente; comparación de plataforma reservada para la matriz consolidada.","Frame individual y recorte indicado abiertos; trazabilidad validada contra manifiestos CSV/JSON y transcripciones TXT/SRT. La observación describe únicamente el estado visible."
"CH11-E0023","00:32:08.400","references/video-audit/chapters/CH11_agenda_y_turnos/event_frames/CH11-E0023_00h32m08s400ms_motion_progress.jpg","references/video-audit/chapters/CH11_agenda_y_turnos/detail_crops/CH11-E0023_00h32m08s400ms_DETAIL.jpg","Agenda · crear turno","El selector de fecha y hora permanece abierto dentro de Crear turno a paciente.","Calendario, hora, minutos, AM/PM, Seleccionar, Cancelar","Captura visual de la configuración de una visita; no se infiere regla tarifaria.","VISIBLE","HIGH","NOT_TESTABLE","Auditoría de evidencia fuente; comparación de plataforma reservada para la matriz consolidada.","Frame individual y recorte indicado abiertos; trazabilidad validada contra manifiestos CSV/JSON y transcripciones TXT/SRT. La observación describe únicamente el estado visible."
"CH11-E0024","00:32:16.400","references/video-audit/chapters/CH11_agenda_y_turnos/event_frames/CH11-E0024_00h32m16s400ms_abrupt_change.jpg","references/video-audit/chapters/CH11_agenda_y_turnos/detail_crops/CH11-E0024_00h32m16s400ms_DETAIL.jpg","Agenda · crear turno","El selector de fecha y hora permanece abierto dentro de Crear turno a paciente.","Calendario, hora, minutos, AM/PM, Seleccionar, Cancelar","Captura visual de la configuración de una visita; no se infiere regla tarifaria.","VISIBLE","HIGH","NOT_TESTABLE","Auditoría de evidencia fuente; comparación de plataforma reservada para la matriz consolidada.","Frame individual y recorte indicado abiertos; trazabilidad validada contra manifiestos CSV/JSON y transcripciones TXT/SRT. La observación describe únicamente el estado visible."
"CH11-E0025","00:32:25.000","references/video-audit/chapters/CH11_agenda_y_turnos/event_frames/CH11-E0025_00h32m25s000ms_motion_progress.jpg","references/video-audit/chapters/CH11_agenda_y_turnos/detail_crops/CH11-E0025_00h32m25s000ms_DETAIL.jpg","Agenda · crear turno","El formulario muestra las fechas de inicio y fin completadas.","Fecha inicio, Fecha fin, Frecuencia, Número de veces","Captura visual de la configuración de una visita; no se infiere regla tarifaria.","VISIBLE","HIGH","NOT_TESTABLE","Auditoría de evidencia fuente; comparación de plataforma reservada para la matriz consolidada.","Frame individual y recorte indicado abiertos; trazabilidad validada contra manifiestos CSV/JSON y transcripciones TXT/SRT. La observación describe únicamente el estado visible."
"CH11-E0026","00:32:28.600","references/video-audit/chapters/CH11_agenda_y_turnos/event_frames/CH11-E0026_00h32m28s600ms_settled.jpg","references/video-audit/chapters/CH11_agenda_y_turnos/detail_crops/CH11-E0026_00h32m28s600ms_DETAIL.jpg","Agenda · crear turno","El desplegable Clasificación muestra Puntual y Turno.","Puntual, Turno","Captura visual de la configuración de una visita; no se infiere regla tarifaria.","VISIBLE","HIGH","NOT_TESTABLE","Auditoría de evidencia fuente; comparación de plataforma reservada para la matriz consolidada.","Frame individual y recorte indicado abiertos; trazabilidad validada contra manifiestos CSV/JSON y transcripciones TXT/SRT. La observación describe únicamente el estado visible."
"CH11-E0027","00:32:29.200","references/video-audit/chapters/CH11_agenda_y_turnos/event_frames/CH11-E0027_00h32m29s200ms_stable_change.jpg","references/video-audit/chapters/CH11_agenda_y_turnos/detail_crops/CH11-E0027_00h32m29s200ms_DETAIL.jpg","Agenda · crear turno","La clasificación Turno queda seleccionada en el formulario.","Clasificación Turno, Tipo, Guardar, Cerrar","Captura visual de la configuración de una visita; no se infiere regla tarifaria.","VISIBLE","HIGH","NOT_TESTABLE","Auditoría de evidencia fuente; comparación de plataforma reservada para la matriz consolidada.","Frame individual y recorte indicado abiertos; trazabilidad validada contra manifiestos CSV/JSON y transcripciones TXT/SRT. La observación describe únicamente el estado visible."
"CH11-E0028","00:32:29.800","references/video-audit/chapters/CH11_agenda_y_turnos/event_frames/CH11-E0028_00h32m29s800ms_stable_change.jpg","references/video-audit/chapters/CH11_agenda_y_turnos/detail_crops/CH11-E0028_00h32m29s800ms_DETAIL.jpg","Agenda · crear turno","La clasificación Turno queda seleccionada en el formulario.","Clasificación Turno, Tipo, Guardar, Cerrar","Captura visual de la configuración de una visita; no se infiere regla tarifaria.","VISIBLE","HIGH","NOT_TESTABLE","Auditoría de evidencia fuente; comparación de plataforma reservada para la matriz consolidada.","Frame individual y recorte indicado abiertos; trazabilidad validada contra manifiestos CSV/JSON y transcripciones TXT/SRT. La observación describe únicamente el estado visible."
"CH11-E0029","00:32:31.800","references/video-audit/chapters/CH11_agenda_y_turnos/event_frames/CH11-E0029_00h32m31s800ms_abrupt_change.jpg","references/video-audit/chapters/CH11_agenda_y_turnos/detail_crops/CH11-E0029_00h32m31s800ms_DETAIL.jpg","Agenda · crear turno","El catálogo de Tipo permanece abierto mientras se recorren servicios disponibles.","Cuidado de enfermería, Supervisión, Visita médica, Registro diario, Terapia de deglución, Terapia ocupacional, Fisioterapia, Nutricionista, Cuidador, Psicología, Trabajo Social, Visita Espiritual, Laboratorio, Geriatría, Visita Respiratoria","Captura visual de la configuración de una visita; no se infiere regla tarifaria.","VISIBLE","HIGH","NOT_TESTABLE","Auditoría de evidencia fuente; comparación de plataforma reservada para la matriz consolidada.","Frame individual y recorte indicado abiertos; trazabilidad validada contra manifiestos CSV/JSON y transcripciones TXT/SRT. La observación describe únicamente el estado visible."
"CH11-E0030","00:32:34.000","references/video-audit/chapters/CH11_agenda_y_turnos/event_frames/CH11-E0030_00h32m34s000ms_settled.jpg","references/video-audit/chapters/CH11_agenda_y_turnos/detail_crops/CH11-E0030_00h32m34s000ms_DETAIL.jpg","Agenda · crear turno","El catálogo de Tipo permanece abierto mientras se recorren servicios disponibles.","Cuidado de enfermería, Supervisión, Visita médica, Registro diario, Terapia de deglución, Terapia ocupacional, Fisioterapia, Nutricionista, Cuidador, Psicología, Trabajo Social, Visita Espiritual, Laboratorio, Geriatría, Visita Respiratoria","Captura visual de la configuración de una visita; no se infiere regla tarifaria.","VISIBLE","HIGH","NOT_TESTABLE","Auditoría de evidencia fuente; comparación de plataforma reservada para la matriz consolidada.","Frame individual y recorte indicado abiertos; trazabilidad validada contra manifiestos CSV/JSON y transcripciones TXT/SRT. La observación describe únicamente el estado visible."
"CH11-E0031","00:32:35.000","references/video-audit/chapters/CH11_agenda_y_turnos/event_frames/CH11-E0031_00h32m35s000ms_motion_progress.jpg","references/video-audit/chapters/CH11_agenda_y_turnos/detail_crops/CH11-E0031_00h32m35s000ms_DETAIL.jpg","Agenda · crear turno","El catálogo de Tipo permanece abierto mientras se recorren servicios disponibles.","Cuidado de enfermería, Supervisión, Visita médica, Registro diario, Terapia de deglución, Terapia ocupacional, Fisioterapia, Nutricionista, Cuidador, Psicología, Trabajo Social, Visita Espiritual, Laboratorio, Geriatría, Visita Respiratoria","Captura visual de la configuración de una visita; no se infiere regla tarifaria.","VISIBLE","HIGH","NOT_TESTABLE","Auditoría de evidencia fuente; comparación de plataforma reservada para la matriz consolidada.","Frame individual y recorte indicado abiertos; trazabilidad validada contra manifiestos CSV/JSON y transcripciones TXT/SRT. La observación describe únicamente el estado visible."
"CH11-E0032","00:32:35.600","references/video-audit/chapters/CH11_agenda_y_turnos/event_frames/CH11-E0032_00h32m35s600ms_stable_change.jpg","references/video-audit/chapters/CH11_agenda_y_turnos/detail_crops/CH11-E0032_00h32m35s600ms_DETAIL.jpg","Agenda · crear turno","El catálogo de Tipo permanece abierto mientras se recorren servicios disponibles.","Cuidado de enfermería, Supervisión, Visita médica, Registro diario, Terapia de deglución, Terapia ocupacional, Fisioterapia, Nutricionista, Cuidador, Psicología, Trabajo Social, Visita Espiritual, Laboratorio, Geriatría, Visita Respiratoria","Captura visual de la configuración de una visita; no se infiere regla tarifaria.","VISIBLE","HIGH","NOT_TESTABLE","Auditoría de evidencia fuente; comparación de plataforma reservada para la matriz consolidada.","Frame individual y recorte indicado abiertos; trazabilidad validada contra manifiestos CSV/JSON y transcripciones TXT/SRT. La observación describe únicamente el estado visible."
"CH11-E0033","00:32:36.600","references/video-audit/chapters/CH11_agenda_y_turnos/event_frames/CH11-E0033_00h32m36s600ms_motion_progress.jpg","references/video-audit/chapters/CH11_agenda_y_turnos/detail_crops/CH11-E0033_00h32m36s600ms_DETAIL.jpg","Agenda · crear turno","El catálogo de Tipo permanece abierto mientras se recorren servicios disponibles.","Cuidado de enfermería, Supervisión, Visita médica, Registro diario, Terapia de deglución, Terapia ocupacional, Fisioterapia, Nutricionista, Cuidador, Psicología, Trabajo Social, Visita Espiritual, Laboratorio, Geriatría, Visita Respiratoria","Captura visual de la configuración de una visita; no se infiere regla tarifaria.","VISIBLE","HIGH","NOT_TESTABLE","Auditoría de evidencia fuente; comparación de plataforma reservada para la matriz consolidada.","Frame individual y recorte indicado abiertos; trazabilidad validada contra manifiestos CSV/JSON y transcripciones TXT/SRT. La observación describe únicamente el estado visible."
"CH11-E0034","00:32:37.600","references/video-audit/chapters/CH11_agenda_y_turnos/event_frames/CH11-E0034_00h32m37s600ms_motion_progress.jpg","references/video-audit/chapters/CH11_agenda_y_turnos/detail_crops/CH11-E0034_00h32m37s600ms_DETAIL.jpg","Agenda · crear turno","El catálogo de Tipo permanece abierto mientras se recorren servicios disponibles.","Cuidado de enfermería, Supervisión, Visita médica, Registro diario, Terapia de deglución, Terapia ocupacional, Fisioterapia, Nutricionista, Cuidador, Psicología, Trabajo Social, Visita Espiritual, Laboratorio, Geriatría, Visita Respiratoria","Captura visual de la configuración de una visita; no se infiere regla tarifaria.","VISIBLE","HIGH","NOT_TESTABLE","Auditoría de evidencia fuente; comparación de plataforma reservada para la matriz consolidada.","Frame individual y recorte indicado abiertos; trazabilidad validada contra manifiestos CSV/JSON y transcripciones TXT/SRT. La observación describe únicamente el estado visible."
"CH11-E0035","00:32:38.600","references/video-audit/chapters/CH11_agenda_y_turnos/event_frames/CH11-E0035_00h32m38s600ms_stable_change.jpg","references/video-audit/chapters/CH11_agenda_y_turnos/detail_crops/CH11-E0035_00h32m38s600ms_DETAIL.jpg","Agenda · crear turno","El catálogo de Tipo permanece abierto mientras se recorren servicios disponibles.","Cuidado de enfermería, Supervisión, Visita médica, Registro diario, Terapia de deglución, Terapia ocupacional, Fisioterapia, Nutricionista, Cuidador, Psicología, Trabajo Social, Visita Espiritual, Laboratorio, Geriatría, Visita Respiratoria","Captura visual de la configuración de una visita; no se infiere regla tarifaria.","VISIBLE","HIGH","NOT_TESTABLE","Auditoría de evidencia fuente; comparación de plataforma reservada para la matriz consolidada.","Frame individual y recorte indicado abiertos; trazabilidad validada contra manifiestos CSV/JSON y transcripciones TXT/SRT. La observación describe únicamente el estado visible."
"CH11-E0036","00:32:39.400","references/video-audit/chapters/CH11_agenda_y_turnos/event_frames/CH11-E0036_00h32m39s400ms_stable_change.jpg","references/video-audit/chapters/CH11_agenda_y_turnos/detail_crops/CH11-E0036_00h32m39s400ms_DETAIL.jpg","Agenda · crear turno","El catálogo de Tipo permanece abierto mientras se recorren servicios disponibles.","Cuidado de enfermería, Supervisión, Visita médica, Registro diario, Terapia de deglución, Terapia ocupacional, Fisioterapia, Nutricionista, Cuidador, Psicología, Trabajo Social, Visita Espiritual, Laboratorio, Geriatría, Visita Respiratoria","Captura visual de la configuración de una visita; no se infiere regla tarifaria.","VISIBLE","HIGH","NOT_TESTABLE","Auditoría de evidencia fuente; comparación de plataforma reservada para la matriz consolidada.","Frame individual y recorte indicado abiertos; trazabilidad validada contra manifiestos CSV/JSON y transcripciones TXT/SRT. La observación describe únicamente el estado visible."
"CH11-E0037","00:32:40.400","references/video-audit/chapters/CH11_agenda_y_turnos/event_frames/CH11-E0037_00h32m40s400ms_stable_change.jpg","references/video-audit/chapters/CH11_agenda_y_turnos/detail_crops/CH11-E0037_00h32m40s400ms_DETAIL.jpg","Agenda · crear turno","El catálogo de Tipo permanece abierto mientras se recorren servicios disponibles.","Cuidado de enfermería, Supervisión, Visita médica, Registro diario, Terapia de deglución, Terapia ocupacional, Fisioterapia, Nutricionista, Cuidador, Psicología, Trabajo Social, Visita Espiritual, Laboratorio, Geriatría, Visita Respiratoria","Captura visual de la configuración de una visita; no se infiere regla tarifaria.","VISIBLE","HIGH","NOT_TESTABLE","Auditoría de evidencia fuente; comparación de plataforma reservada para la matriz consolidada.","Frame individual y recorte indicado abiertos; trazabilidad validada contra manifiestos CSV/JSON y transcripciones TXT/SRT. La observación describe únicamente el estado visible."
"CH11-E0038","00:32:41.200","references/video-audit/chapters/CH11_agenda_y_turnos/event_frames/CH11-E0038_00h32m41s200ms_stable_change.jpg","references/video-audit/chapters/CH11_agenda_y_turnos/detail_crops/CH11-E0038_00h32m41s200ms_DETAIL.jpg","Agenda · crear turno","El catálogo de Tipo permanece abierto mientras se recorren servicios disponibles.","Cuidado de enfermería, Supervisión, Visita médica, Registro diario, Terapia de deglución, Terapia ocupacional, Fisioterapia, Nutricionista, Cuidador, Psicología, Trabajo Social, Visita Espiritual, Laboratorio, Geriatría, Visita Respiratoria","Captura visual de la configuración de una visita; no se infiere regla tarifaria.","VISIBLE","HIGH","NOT_TESTABLE","Auditoría de evidencia fuente; comparación de plataforma reservada para la matriz consolidada.","Frame individual y recorte indicado abiertos; trazabilidad validada contra manifiestos CSV/JSON y transcripciones TXT/SRT. La observación describe únicamente el estado visible."
"CH11-E0039","00:32:43.200","references/video-audit/chapters/CH11_agenda_y_turnos/event_frames/CH11-E0039_00h32m43s200ms_motion_progress.jpg","references/video-audit/chapters/CH11_agenda_y_turnos/detail_crops/CH11-E0039_00h32m43s200ms_DETAIL.jpg","Agenda · crear turno","El catálogo de Tipo permanece abierto mientras se recorren servicios disponibles.","Cuidado de enfermería, Supervisión, Visita médica, Registro diario, Terapia de deglución, Terapia ocupacional, Fisioterapia, Nutricionista, Cuidador, Psicología, Trabajo Social, Visita Espiritual, Laboratorio, Geriatría, Visita Respiratoria","Captura visual de la configuración de una visita; no se infiere regla tarifaria.","VISIBLE","HIGH","NOT_TESTABLE","Auditoría de evidencia fuente; comparación de plataforma reservada para la matriz consolidada.","Frame individual y recorte indicado abiertos; trazabilidad validada contra manifiestos CSV/JSON y transcripciones TXT/SRT. La observación describe únicamente el estado visible."
"CH11-E0040","00:32:44.200","references/video-audit/chapters/CH11_agenda_y_turnos/event_frames/CH11-E0040_00h32m44s200ms_stable_change.jpg","references/video-audit/chapters/CH11_agenda_y_turnos/detail_crops/CH11-E0040_00h32m44s200ms_DETAIL.jpg","Agenda · crear turno","El catálogo de Tipo permanece abierto mientras se recorren servicios disponibles.","Cuidado de enfermería, Supervisión, Visita médica, Registro diario, Terapia de deglución, Terapia ocupacional, Fisioterapia, Nutricionista, Cuidador, Psicología, Trabajo Social, Visita Espiritual, Laboratorio, Geriatría, Visita Respiratoria","Captura visual de la configuración de una visita; no se infiere regla tarifaria.","VISIBLE","HIGH","NOT_TESTABLE","Auditoría de evidencia fuente; comparación de plataforma reservada para la matriz consolidada.","Frame individual y recorte indicado abiertos; trazabilidad validada contra manifiestos CSV/JSON y transcripciones TXT/SRT. La observación describe únicamente el estado visible."
"CH11-E0041","00:32:45.400","references/video-audit/chapters/CH11_agenda_y_turnos/event_frames/CH11-E0041_00h32m45s400ms_motion_progress.jpg","references/video-audit/chapters/CH11_agenda_y_turnos/detail_crops/CH11-E0041_00h32m45s400ms_DETAIL.jpg","Agenda · crear turno","El catálogo de Tipo permanece abierto mientras se recorren servicios disponibles.","Cuidado de enfermería, Supervisión, Visita médica, Registro diario, Terapia de deglución, Terapia ocupacional, Fisioterapia, Nutricionista, Cuidador, Psicología, Trabajo Social, Visita Espiritual, Laboratorio, Geriatría, Visita Respiratoria","Captura visual de la configuración de una visita; no se infiere regla tarifaria.","VISIBLE","HIGH","NOT_TESTABLE","Auditoría de evidencia fuente; comparación de plataforma reservada para la matriz consolidada.","Frame individual y recorte indicado abiertos; trazabilidad validada contra manifiestos CSV/JSON y transcripciones TXT/SRT. La observación describe únicamente el estado visible."
"CH11-E0042","00:32:46.200","references/video-audit/chapters/CH11_agenda_y_turnos/event_frames/CH11-E0042_00h32m46s200ms_abrupt_change.jpg","references/video-audit/chapters/CH11_agenda_y_turnos/detail_crops/CH11-E0042_00h32m46s200ms_DETAIL.jpg","Agenda · crear turno","El formulario de creación vuelve a mostrar el tipo seleccionado y sus acciones finales.","Tipo, Clasificación Turno, Guardar, Cerrar","Captura visual de la configuración de una visita; no se infiere regla tarifaria.","VISIBLE","HIGH","NOT_TESTABLE","Auditoría de evidencia fuente; comparación de plataforma reservada para la matriz consolidada.","Frame individual y recorte indicado abiertos; trazabilidad validada contra manifiestos CSV/JSON y transcripciones TXT/SRT. La observación describe únicamente el estado visible."
"CH11-E0043","00:32:48.400","references/video-audit/chapters/CH11_agenda_y_turnos/event_frames/CH11-E0043_00h32m48s400ms_abrupt_change.jpg","","Agenda · calendario y visita","Agenda regresa al calendario mensual con las visitas del paciente.","Mes, Semana, Lista por semana, Lista por día, eventos de calendario","Estado visual del flujo documentado por el evento.","VISIBLE","HIGH","NOT_TESTABLE","Auditoría de evidencia fuente; comparación de plataforma reservada para la matriz consolidada.","Frame individual y recorte indicado abiertos; trazabilidad validada contra manifiestos CSV/JSON y transcripciones TXT/SRT. La observación describe únicamente el estado visible."
"CH11-E0044","00:32:49.000","references/video-audit/chapters/CH11_agenda_y_turnos/event_frames/CH11-E0044_00h32m49s000ms_abrupt_change.jpg","","Agenda · calendario y visita","Agenda regresa al calendario mensual con las visitas del paciente.","Mes, Semana, Lista por semana, Lista por día, eventos de calendario","Estado visual del flujo documentado por el evento.","VISIBLE","HIGH","NOT_TESTABLE","Auditoría de evidencia fuente; comparación de plataforma reservada para la matriz consolidada.","Frame individual y recorte indicado abiertos; trazabilidad validada contra manifiestos CSV/JSON y transcripciones TXT/SRT. La observación describe únicamente el estado visible."
"CH11-E0045","00:32:49.400","references/video-audit/chapters/CH11_agenda_y_turnos/event_frames/CH11-E0045_00h32m49s400ms_abrupt_change.jpg","","Agenda · calendario y visita","Agenda regresa al calendario mensual con las visitas del paciente.","Mes, Semana, Lista por semana, Lista por día, eventos de calendario","Estado visual del flujo documentado por el evento.","VISIBLE","HIGH","NOT_TESTABLE","Auditoría de evidencia fuente; comparación de plataforma reservada para la matriz consolidada.","Frame individual y recorte indicado abiertos; trazabilidad validada contra manifiestos CSV/JSON y transcripciones TXT/SRT. La observación describe únicamente el estado visible."
"CH11-E0046","00:32:49.800","references/video-audit/chapters/CH11_agenda_y_turnos/event_frames/CH11-E0046_00h32m49s800ms_abrupt_change.jpg","","Agenda · calendario y visita","Agenda regresa al calendario mensual con las visitas del paciente.","Mes, Semana, Lista por semana, Lista por día, eventos de calendario","Estado visual del flujo documentado por el evento.","VISIBLE","HIGH","NOT_TESTABLE","Auditoría de evidencia fuente; comparación de plataforma reservada para la matriz consolidada.","Frame individual y recorte indicado abiertos; trazabilidad validada contra manifiestos CSV/JSON y transcripciones TXT/SRT. La observación describe únicamente el estado visible."
"CH11-E0047","00:32:50.400","references/video-audit/chapters/CH11_agenda_y_turnos/event_frames/CH11-E0047_00h32m50s400ms_abrupt_change.jpg","references/video-audit/chapters/CH11_agenda_y_turnos/detail_crops/CH11-E0047_00h32m50s400ms_DETAIL.jpg","Agenda · calendario y visita","Agenda regresa al calendario mensual con las visitas del paciente.","Mes, Semana, Lista por semana, Lista por día, eventos de calendario","Estado visual del flujo documentado por el evento.","VISIBLE","HIGH","NOT_TESTABLE","Auditoría de evidencia fuente; comparación de plataforma reservada para la matriz consolidada.","Frame individual y recorte indicado abiertos; trazabilidad validada contra manifiestos CSV/JSON y transcripciones TXT/SRT. La observación describe únicamente el estado visible."
"CH11-E0048","00:32:51.000","references/video-audit/chapters/CH11_agenda_y_turnos/event_frames/CH11-E0048_00h32m51s000ms_abrupt_change.jpg","","Agenda · calendario y visita","Agenda regresa al calendario mensual con las visitas del paciente.","Mes, Semana, Lista por semana, Lista por día, eventos de calendario","Estado visual del flujo documentado por el evento.","VISIBLE","HIGH","NOT_TESTABLE","Auditoría de evidencia fuente; comparación de plataforma reservada para la matriz consolidada.","Frame individual y recorte indicado abiertos; trazabilidad validada contra manifiestos CSV/JSON y transcripciones TXT/SRT. La observación describe únicamente el estado visible."
"CH11-E0049","00:32:51.400","references/video-audit/chapters/CH11_agenda_y_turnos/event_frames/CH11-E0049_00h32m51s400ms_abrupt_change.jpg","","Agenda · calendario y visita","Se muestra Procesando al abrir una visita del calendario.","Procesando","Estado visual del flujo documentado por el evento.","VISIBLE","HIGH","NOT_TESTABLE","Auditoría de evidencia fuente; comparación de plataforma reservada para la matriz consolidada.","Frame individual y recorte indicado abiertos; trazabilidad validada contra manifiestos CSV/JSON y transcripciones TXT/SRT. La observación describe únicamente el estado visible."
"CH11-E0050","00:32:51.800","references/video-audit/chapters/CH11_agenda_y_turnos/event_frames/CH11-E0050_00h32m51s800ms_abrupt_change.jpg","","Agenda · calendario y visita","Se abre Visita de enfermería finalizada con pestañas Agenda y Actualizaciones.","Agenda, Actualizaciones, Inicio, Fin, Paciente, Hospitalización, Recursos","Estado visual del flujo documentado por el evento.","VISIBLE","HIGH","NOT_TESTABLE","Auditoría de evidencia fuente; comparación de plataforma reservada para la matriz consolidada.","Frame individual y recorte indicado abiertos; trazabilidad validada contra manifiestos CSV/JSON y transcripciones TXT/SRT. La observación describe únicamente el estado visible."
"CH11-E0051","00:32:52.400","references/video-audit/chapters/CH11_agenda_y_turnos/event_frames/CH11-E0051_00h32m52s400ms_abrupt_change.jpg","","Visita de enfermería finalizada","El detalle muestra fechas, paciente, hospitalización y recurso asignado.","Inicio, Fin, Paciente, Hospitalización, Recursos, asignación","Estado visual del flujo documentado por el evento.","VISIBLE","HIGH","NOT_TESTABLE","Auditoría de evidencia fuente; comparación de plataforma reservada para la matriz consolidada.","Frame individual y recorte indicado abiertos; trazabilidad validada contra manifiestos CSV/JSON y transcripciones TXT/SRT. La observación describe únicamente el estado visible."
"CH11-E0052","00:32:53.000","references/video-audit/chapters/CH11_agenda_y_turnos/event_frames/CH11-E0052_00h32m53s000ms_stable_change.jpg","","Visita de enfermería finalizada","El detalle muestra fechas, paciente, hospitalización y recurso asignado.","Inicio, Fin, Paciente, Hospitalización, Recursos, asignación","Estado visual del flujo documentado por el evento.","VISIBLE","HIGH","NOT_TESTABLE","Auditoría de evidencia fuente; comparación de plataforma reservada para la matriz consolidada.","Frame individual y recorte indicado abiertos; trazabilidad validada contra manifiestos CSV/JSON y transcripciones TXT/SRT. La observación describe únicamente el estado visible."
"CH11-E0053","00:32:59.400","references/video-audit/chapters/CH11_agenda_y_turnos/event_frames/CH11-E0053_00h32m59s400ms_abrupt_change.jpg","","Visita de enfermería finalizada","El detalle muestra fechas, paciente, hospitalización y recurso asignado.","Inicio, Fin, Paciente, Hospitalización, Recursos, asignación","Estado visual del flujo documentado por el evento.","VISIBLE","HIGH","NOT_TESTABLE","Auditoría de evidencia fuente; comparación de plataforma reservada para la matriz consolidada.","Frame individual y recorte indicado abiertos; trazabilidad validada contra manifiestos CSV/JSON y transcripciones TXT/SRT. La observación describe únicamente el estado visible."
"CH11-E0054","00:33:00.200","references/video-audit/chapters/CH11_agenda_y_turnos/event_frames/CH11-E0054_00h33m00s200ms_abrupt_change.jpg","","Visita de enfermería finalizada","El detalle muestra tipo de turno, tarifa, descuento, edición de pago, tabla de ajustes y observaciones internas.","Primer turno, Turno de seguimiento, Último turno, Tarifa, Aplicar descuento, Editar pago de servicios profesionales, Motivo, Monto, Comentario, Observaciones internas, Guardar, Cerrar","Estado visual del flujo documentado por el evento.","VISIBLE","HIGH","NOT_TESTABLE","Auditoría de evidencia fuente; comparación de plataforma reservada para la matriz consolidada.","Frame individual y recorte indicado abiertos; trazabilidad validada contra manifiestos CSV/JSON y transcripciones TXT/SRT. La observación describe únicamente el estado visible."
"CH11-E0055","00:33:00.600","references/video-audit/chapters/CH11_agenda_y_turnos/event_frames/CH11-E0055_00h33m00s600ms_abrupt_change.jpg","","Visita de enfermería finalizada","El detalle muestra tipo de turno, tarifa, descuento, edición de pago, tabla de ajustes y observaciones internas.","Primer turno, Turno de seguimiento, Último turno, Tarifa, Aplicar descuento, Editar pago de servicios profesionales, Motivo, Monto, Comentario, Observaciones internas, Guardar, Cerrar","Estado visual del flujo documentado por el evento.","VISIBLE","HIGH","NOT_TESTABLE","Auditoría de evidencia fuente; comparación de plataforma reservada para la matriz consolidada.","Frame individual y recorte indicado abiertos; trazabilidad validada contra manifiestos CSV/JSON y transcripciones TXT/SRT. La observación describe únicamente el estado visible."
"CH11-E0056","00:33:01.200","references/video-audit/chapters/CH11_agenda_y_turnos/event_frames/CH11-E0056_00h33m01s200ms_stable_change.jpg","","Visita de enfermería finalizada","El detalle muestra tipo de turno, tarifa, descuento, edición de pago, tabla de ajustes y observaciones internas.","Primer turno, Turno de seguimiento, Último turno, Tarifa, Aplicar descuento, Editar pago de servicios profesionales, Motivo, Monto, Comentario, Observaciones internas, Guardar, Cerrar","Estado visual del flujo documentado por el evento.","VISIBLE","HIGH","NOT_TESTABLE","Auditoría de evidencia fuente; comparación de plataforma reservada para la matriz consolidada.","Frame individual y recorte indicado abiertos; trazabilidad validada contra manifiestos CSV/JSON y transcripciones TXT/SRT. La observación describe únicamente el estado visible."
"CH11-E0057","00:33:02.200","references/video-audit/chapters/CH11_agenda_y_turnos/event_frames/CH11-E0057_00h33m02s200ms_abrupt_change.jpg","","Visita de enfermería finalizada","El detalle muestra tipo de turno, tarifa, descuento, edición de pago, tabla de ajustes y observaciones internas.","Primer turno, Turno de seguimiento, Último turno, Tarifa, Aplicar descuento, Editar pago de servicios profesionales, Motivo, Monto, Comentario, Observaciones internas, Guardar, Cerrar","Estado visual del flujo documentado por el evento.","VISIBLE","HIGH","NOT_TESTABLE","Auditoría de evidencia fuente; comparación de plataforma reservada para la matriz consolidada.","Frame individual y recorte indicado abiertos; trazabilidad validada contra manifiestos CSV/JSON y transcripciones TXT/SRT. La observación describe únicamente el estado visible."
"CH11-E0058","00:33:02.800","references/video-audit/chapters/CH11_agenda_y_turnos/event_frames/CH11-E0058_00h33m02s800ms_stable_change.jpg","references/video-audit/chapters/CH11_agenda_y_turnos/detail_crops/CH11-E0058_00h33m02s800ms_DETAIL.jpg","Visita de enfermería finalizada","El detalle muestra tipo de turno, tarifa, descuento, edición de pago, tabla de ajustes y observaciones internas.","Primer turno, Turno de seguimiento, Último turno, Tarifa, Aplicar descuento, Editar pago de servicios profesionales, Motivo, Monto, Comentario, Observaciones internas, Guardar, Cerrar","Estado visual del flujo documentado por el evento.","VISIBLE","HIGH","NOT_TESTABLE","Auditoría de evidencia fuente; comparación de plataforma reservada para la matriz consolidada.","Frame individual y recorte indicado abiertos; trazabilidad validada contra manifiestos CSV/JSON y transcripciones TXT/SRT. La observación describe únicamente el estado visible."
"CH11-E0059","00:33:10.200","references/video-audit/chapters/CH11_agenda_y_turnos/event_frames/CH11-E0059_00h33m10s200ms_abrupt_change.jpg","","Visita de enfermería finalizada","El detalle muestra tipo de turno, tarifa, descuento, edición de pago, tabla de ajustes y observaciones internas.","Primer turno, Turno de seguimiento, Último turno, Tarifa, Aplicar descuento, Editar pago de servicios profesionales, Motivo, Monto, Comentario, Observaciones internas, Guardar, Cerrar","Estado visual del flujo documentado por el evento.","VISIBLE","HIGH","NOT_TESTABLE","Auditoría de evidencia fuente; comparación de plataforma reservada para la matriz consolidada.","Frame individual y recorte indicado abiertos; trazabilidad validada contra manifiestos CSV/JSON y transcripciones TXT/SRT. La observación describe únicamente el estado visible."
"CH11-E0060","00:33:10.600","references/video-audit/chapters/CH11_agenda_y_turnos/event_frames/CH11-E0060_00h33m10s600ms_abrupt_change.jpg","","Visita de enfermería finalizada","El detalle muestra tipo de turno, tarifa, descuento, edición de pago, tabla de ajustes y observaciones internas.","Primer turno, Turno de seguimiento, Último turno, Tarifa, Aplicar descuento, Editar pago de servicios profesionales, Motivo, Monto, Comentario, Observaciones internas, Guardar, Cerrar","Estado visual del flujo documentado por el evento.","VISIBLE","HIGH","NOT_TESTABLE","Auditoría de evidencia fuente; comparación de plataforma reservada para la matriz consolidada.","Frame individual y recorte indicado abiertos; trazabilidad validada contra manifiestos CSV/JSON y transcripciones TXT/SRT. La observación describe únicamente el estado visible."
"CH11-E0061","00:33:11.200","references/video-audit/chapters/CH11_agenda_y_turnos/event_frames/CH11-E0061_00h33m11s200ms_stable_change.jpg","","Visita de enfermería finalizada","El detalle muestra tipo de turno, tarifa, descuento, edición de pago, tabla de ajustes y observaciones internas.","Primer turno, Turno de seguimiento, Último turno, Tarifa, Aplicar descuento, Editar pago de servicios profesionales, Motivo, Monto, Comentario, Observaciones internas, Guardar, Cerrar","Estado visual del flujo documentado por el evento.","VISIBLE","HIGH","NOT_TESTABLE","Auditoría de evidencia fuente; comparación de plataforma reservada para la matriz consolidada.","Frame individual y recorte indicado abiertos; trazabilidad validada contra manifiestos CSV/JSON y transcripciones TXT/SRT. La observación describe únicamente el estado visible."
"CH11-E0062","00:33:14.600","references/video-audit/chapters/CH11_agenda_y_turnos/event_frames/CH11-E0062_00h33m14s600ms_abrupt_change.jpg","","Visita de enfermería finalizada","El detalle muestra tipo de turno, tarifa, descuento, edición de pago, tabla de ajustes y observaciones internas.","Primer turno, Turno de seguimiento, Último turno, Tarifa, Aplicar descuento, Editar pago de servicios profesionales, Motivo, Monto, Comentario, Observaciones internas, Guardar, Cerrar","Estado visual del flujo documentado por el evento.","VISIBLE","HIGH","NOT_TESTABLE","Auditoría de evidencia fuente; comparación de plataforma reservada para la matriz consolidada.","Frame individual y recorte indicado abiertos; trazabilidad validada contra manifiestos CSV/JSON y transcripciones TXT/SRT. La observación describe únicamente el estado visible."
"CH11-E0063","00:33:15.000","references/video-audit/chapters/CH11_agenda_y_turnos/event_frames/CH11-E0063_00h33m15s000ms_abrupt_change.jpg","","Agenda · calendario y navegación lateral","El modal se cierra y Agenda vuelve al calendario mensual filtrado.","Mes, Semana, Lista por semana, Lista por día, eventos de calendario","Estado visual del flujo documentado por el evento.","VISIBLE","HIGH","NOT_TESTABLE","Auditoría de evidencia fuente; comparación de plataforma reservada para la matriz consolidada.","Frame individual y recorte indicado abiertos; trazabilidad validada contra manifiestos CSV/JSON y transcripciones TXT/SRT. La observación describe únicamente el estado visible."
"CH11-E0064","00:33:15.800","references/video-audit/chapters/CH11_agenda_y_turnos/event_frames/CH11-E0064_00h33m15s800ms_settled.jpg","references/video-audit/chapters/CH11_agenda_y_turnos/detail_crops/CH11-E0064_00h33m15s800ms_DETAIL.jpg","Agenda · calendario y navegación lateral","El modal se cierra y Agenda vuelve al calendario mensual filtrado.","Mes, Semana, Lista por semana, Lista por día, eventos de calendario","Estado visual del flujo documentado por el evento.","VISIBLE","HIGH","NOT_TESTABLE","Auditoría de evidencia fuente; comparación de plataforma reservada para la matriz consolidada.","Frame individual y recorte indicado abiertos; trazabilidad validada contra manifiestos CSV/JSON y transcripciones TXT/SRT. La observación describe únicamente el estado visible."
"CH11-E0065","00:33:16.800","references/video-audit/chapters/CH11_agenda_y_turnos/event_frames/CH11-E0065_00h33m16s800ms_abrupt_change.jpg","references/video-audit/chapters/CH11_agenda_y_turnos/detail_crops/CH11-E0065_00h33m16s800ms_DETAIL.jpg","Agenda · calendario y navegación lateral","El modal se cierra y Agenda vuelve al calendario mensual filtrado.","Mes, Semana, Lista por semana, Lista por día, eventos de calendario","Estado visual del flujo documentado por el evento.","VISIBLE","HIGH","NOT_TESTABLE","Auditoría de evidencia fuente; comparación de plataforma reservada para la matriz consolidada.","Frame individual y recorte indicado abiertos; trazabilidad validada contra manifiestos CSV/JSON y transcripciones TXT/SRT. La observación describe únicamente el estado visible."
"CH11-E0066","00:33:17.400","references/video-audit/chapters/CH11_agenda_y_turnos/event_frames/CH11-E0066_00h33m17s400ms_settled.jpg","references/video-audit/chapters/CH11_agenda_y_turnos/detail_crops/CH11-E0066_00h33m17s400ms_DETAIL.jpg","Agenda · calendario y navegación lateral","El modal se cierra y Agenda vuelve al calendario mensual filtrado.","Mes, Semana, Lista por semana, Lista por día, eventos de calendario","Estado visual del flujo documentado por el evento.","VISIBLE","HIGH","NOT_TESTABLE","Auditoría de evidencia fuente; comparación de plataforma reservada para la matriz consolidada.","Frame individual y recorte indicado abiertos; trazabilidad validada contra manifiestos CSV/JSON y transcripciones TXT/SRT. La observación describe únicamente el estado visible."
"CH11-E0067","00:33:18.600","references/video-audit/chapters/CH11_agenda_y_turnos/event_frames/CH11-E0067_00h33m18s600ms_settled.jpg","references/video-audit/chapters/CH11_agenda_y_turnos/detail_crops/CH11-E0067_00h33m18s600ms_DETAIL.jpg","Agenda · calendario y navegación lateral","El modal se cierra y Agenda vuelve al calendario mensual filtrado.","Mes, Semana, Lista por semana, Lista por día, eventos de calendario","Estado visual del flujo documentado por el evento.","VISIBLE","HIGH","NOT_TESTABLE","Auditoría de evidencia fuente; comparación de plataforma reservada para la matriz consolidada.","Frame individual y recorte indicado abiertos; trazabilidad validada contra manifiestos CSV/JSON y transcripciones TXT/SRT. La observación describe únicamente el estado visible."
"CH11-E0068","00:33:19.600","references/video-audit/chapters/CH11_agenda_y_turnos/event_frames/CH11-E0068_00h33m19s600ms_settled.jpg","references/video-audit/chapters/CH11_agenda_y_turnos/detail_crops/CH11-E0068_00h33m19s600ms_DETAIL.jpg","Agenda · calendario y navegación lateral","El modal se cierra y Agenda vuelve al calendario mensual filtrado.","Mes, Semana, Lista por semana, Lista por día, eventos de calendario","Estado visual del flujo documentado por el evento.","VISIBLE","HIGH","NOT_TESTABLE","Auditoría de evidencia fuente; comparación de plataforma reservada para la matriz consolidada.","Frame individual y recorte indicado abiertos; trazabilidad validada contra manifiestos CSV/JSON y transcripciones TXT/SRT. La observación describe únicamente el estado visible."
"CH11-E0069","00:33:24.800","references/video-audit/chapters/CH11_agenda_y_turnos/event_frames/CH11-E0069_00h33m24s800ms_settled.jpg","references/video-audit/chapters/CH11_agenda_y_turnos/detail_crops/CH11-E0069_00h33m24s800ms_DETAIL.jpg","Agenda · calendario y navegación lateral","El modal se cierra y Agenda vuelve al calendario mensual filtrado.","Mes, Semana, Lista por semana, Lista por día, eventos de calendario","Estado visual del flujo documentado por el evento.","VISIBLE","HIGH","NOT_TESTABLE","Auditoría de evidencia fuente; comparación de plataforma reservada para la matriz consolidada.","Frame individual y recorte indicado abiertos; trazabilidad validada contra manifiestos CSV/JSON y transcripciones TXT/SRT. La observación describe únicamente el estado visible."
"CH11-E0070","00:33:26.400","references/video-audit/chapters/CH11_agenda_y_turnos/event_frames/CH11-E0070_00h33m26s400ms_settled.jpg","references/video-audit/chapters/CH11_agenda_y_turnos/detail_crops/CH11-E0070_00h33m26s400ms_DETAIL.jpg","Agenda · calendario y navegación lateral","Se despliega el menú lateral de Inventario sobre el calendario.","Compras, Gestión de inventario, Conteos, Acuses, Cierres, Kit de insumos, Pyxomedros, Bodegas, Lotes y Series","Estado visual del flujo documentado por el evento.","VISIBLE","HIGH","NOT_TESTABLE","Auditoría de evidencia fuente; comparación de plataforma reservada para la matriz consolidada.","Frame individual y recorte indicado abiertos; trazabilidad validada contra manifiestos CSV/JSON y transcripciones TXT/SRT. La observación describe únicamente el estado visible."
"CH11-E0071","00:33:27.400","references/video-audit/chapters/CH11_agenda_y_turnos/event_frames/CH11-E0071_00h33m27s400ms_settled.jpg","references/video-audit/chapters/CH11_agenda_y_turnos/detail_crops/CH11-E0071_00h33m27s400ms_DETAIL.jpg","Agenda · calendario y navegación lateral","Se despliega el menú lateral de personal y cuentas sobre el calendario.","Personal de Enfermería, Médicos, Personal de Salud, Cuentas por Pagar, Extras Administradores","Estado visual del flujo documentado por el evento.","VISIBLE","HIGH","NOT_TESTABLE","Auditoría de evidencia fuente; comparación de plataforma reservada para la matriz consolidada.","Frame individual y recorte indicado abiertos; trazabilidad validada contra manifiestos CSV/JSON y transcripciones TXT/SRT. La observación describe únicamente el estado visible."
